[
  {
    "index": 5566,
    "name": "remymod_Cow hairpins",
    "name_cap": "remymod_Cow hairpins", "cn_name_cap": "奶牛纹发夹",
    "variable": "remymod_Cow hairpins",
    "integrity": 50,
    "integrity_max": 50,
    "fabric_strength": 20,
    "reveal": 1,
    "word": "a",
    "plural": 0,
    "colour": 0,
    "colour_options": [],
    "colour_sidebar": 0,
    "type": ["normal"],
    "gender": "f",
    "femininity": 200,
    "warmth": 0,
    "cost": 600,
    "description": "奶油花纹的小发夹，很多饰品店都能买到。",
    "shop": ["clothing"],
    "accessory": 0,
    "accessory_colour": 0,
    "accessory_colour_options": [],
    "cursed": 0,
    "location": 0,
    "iconFile": "remymod_Cow hairpins.png",
    "accIcon": 0
  },
  {
    "index": 5567,
    "name": "remymod_garland",
    "name_cap": "remymod_garland", "cn_name_cap": "手编花环",
    "variable": "remymod_garland",
    "integrity": 50,
    "integrity_max": 50,
    "fabric_strength": 20,
    "reveal": 1,
    "word": "a",
    "plural": 0,
    "colour": 0,
    "colour_options": [],
    "colour_sidebar": 0,
    "type": ["normal"],
    "femininity": 200,
    "warmth": 0,
    "cost": 0,
    "description": "某人在闲暇时候用草地上收集的花花草草编成的花环。",
    "shop": [],
    "accessory": 0,
    "accessory_colour": 0,
    "accessory_colour_options": [],
    "cursed": 0,
    "location": 0,
    "iconFile": "remymod_garland.png",
    "accIcon": 0
  }

]