{
  "name": "addNPC simple framework",
  "version": "2.0.0",
  "styleFileList": [],
  "scriptFileList": [
    "newNPC.js"
  ],
  "tweeFileList": [
  ],
  "imgFileList": [],
  "additionFile": [
  ],
  "addonPlugin": [
    {
      "modName": "TweeReplacer",
      "addonName": "TweeReplacerAddon",
      "modVersion": "1.0.0",
      "params": []
    }
  ],
  "dependenceInfo": [
    {
      "modName": "TweeReplacer",
      "version": "^1.0.0"
    },
    {
      "modName": "ReplacePatcher",
      "version": "^1.0.0"
    }
  ]
}