{
  "name": "LongerCombat",
  "version": "1.3.0",
  "styleFileList": [],
  "scriptFileList_inject_early": [
    "registLC.js"
  ],
  "scriptFileList": [
    "longercombat.js"
  ],
  "tweeFileList": [
    "options.twee"
  ],
  "imgFileList": [],
  "additionFile": [
    "readme.md"
  ],
  "addonPlugin": [
    {
      "modName": "TweeReplacer",
      "addonName": "TweeReplacerAddon",
      "modVersion": "1.0.0",
      "params": []
    }
  ],
  "dependenceInfo": [
    {
      "modName": "TweeReplacer",
      "version": "^1.0.0"
    },
    {
      "modName": "ReplacePatcher",
      "version": "^1.0.0"
    },
    {
      "modName": "Simple Frameworks",
      "version": "^1.15.4"
    }
  ],
  "build": "11"
}