{
 "name": "i, Candy + Robot",
 "version": "1.0.0",
 "styleFileList": [],
 "scriptFileList_earlyload": [],
 "scriptFileList_inject_early": [],
 "scriptFileList_preload": [],
 "scriptFileList": [
    "Setup.js",
    "newNPC.js"
 ],
 "tweeFileList": [
 "Setup.twee",
 "Pocket.twee",
 "Robot.twee",
 "Pharmacy.twee"
 ],
 "imgFileList": [],
 "additionFile": [
    "bedroomWidget.txt",
    "drugsWidget.txt",
    "drunkWidget.txt"
 ],
 "addonPlugin": [
  {
   "modName": "TweeReplacer",
   "addonName": "TweeReplacerAddon",
   "modVersion": "1.0.0",
   "params": [
    {
        "passage":"Pharmacy",
        "findString":"隐形眼镜",
        "replace":"<<ExtraPharmacy>>\n\t隐形眼镜"
    },
    {
        "passage":"PassageHeader",
        "findString":"<<unset $bypassHeader>>",
        "replace":"<<unset $bypassHeader>>\n<<iCandyInit>><<checkDayPass>><<lactationchange>>\n<div id='addMsg'><br></div>"
    },
    {
        "passage":"StoryCaption",
        "findString":"<div class=\"sidebarButtonSplit\">",
        "replace":"<<button lanSwitch('ITEMS','道具')>><<overlayReplace \"items\">><</button>>\n\t\t\t<div class=\"sidebarButtonSplit\">"
    },
    {
        "passage":"overlayReplace",
        "findString":"<<case \"traits\">>",
        "replace":"<<case \"items\">><<replace #customOverlayTitle>><<titlePocketItems>><</replace>><<replace #customOverlayContent>><<pocketItems>><</replace>>\t\t<<case \"traits\">>"
    },
    {
        "passage":"Widgets Journal",
        "findString":"\t<<if $antiquemoney gt 0 || $blackmoney gt 0 || $phials_held gte 1 || $lurkers_held gte 1>>\n\t\t<hr>\n\t\t<span class=\"gold bold\">物品栏</span>\n\t\t<br>\n\t<</if>>\n\t<ul style=\"margin-top:10px;margin-left:-5px;\">\n\t<<if $antiquemoney gt 0>>\n\t\t<li>你携带了价值<span class=\"green\">£<<print $antiquemoney>></span>的古董，你可以将它们卖给博物馆。</li>\n\t<</if>>\n\t<<if $blackmoney gt 0>>\n\t\t<li>你携带了价值<span class=\"green\">£<<print $blackmoney>></span>的赃物，你可以在黑市上将它们卖掉。</li>\n\t<</if>>\n\t<<if $phials_held gte 2>>\n\t\t<li>你携带了<span class=\"green\">$phials_held</span>瓶催情剂，你可以在麋鹿街上出售它们。</li>\n\t<<elseif $phials_held gte 1>>\n\t\t<li>你携带了一瓶催情剂，你可以在麋鹿街上卖掉它。</li>\n\t<</if>>\n\t<<if $lurkers_held gte 2>>\n\t\t<li>你携带了<span class=\"green\">$lurkers_held</span>个潜伏者。</li>\n\t<<elseif $lurkers_held is 1>>\n\t\t<li>你携带了一个潜伏者。</li>\n\t<</if>>\n\t<<if $location is \"prison\">>\n\t\t<li>你有<span class=\"green\"><<number $prison.teeth>></span>颗鲨鱼牙齿。\n\t\t<<if $prison_wren_intro isnot 1>>\n\t\t\t你可以于午餐后在院子里找到伦恩。\n\t\t\t<br>\n\t\t<</if>>\n\t\t</li>\n\t<</if>>\n\t</ul>\n\n\t<<if $plants_known.length gt 0>>\n\t<hr>\n\t\t<span class=\"gold bold\">种子</span>\n\t\t<br>\n\t\t你可以种植：\n\t\t<<set _plant_keys to Object.keys(setup.plants)>>\n\t\t<<for _i to 0; _i lt _plant_keys.length; _i++>>\n\t\t\t<<if setup.plants[_plant_keys[_i]].type is \"flower\" or setup.plants[_plant_keys[_i]].type is \"vegetable\">>\n\t\t\t\t<<if $plants_known.includes( setup.plants[_plant_keys[_i]].name)>>\n\t\t\t\t\t<<if $options.images is 1 and setup.plants[_plant_keys[_i]].icon>>\n\t\t\t\t\t\t<img class=\"tending_icon\" @src=\"`img/misc/icon/tending/` + setup.plants[_plant_keys[_i]].icon\">\n\t\t\t\t\t<</if>>\n\t\t\t\t\t<span class=\"green\"><<print setup.plants[_plant_keys[_i]].plural>></span> |\n\t\t\t\t<<else>>\n\t\t\t\t\t??? |\n\t\t\t\t<</if>>\n\t\t\t<</if>>\n\t\t<</for>>\n\t<</if>>\n\n\t<<set _plant_keys to Object.keys($plants)>>\n\t<<if _plant_keys.length gt 0>>\n\t<hr>\n\t<span class=\"gold bold\">可出售产品</span>\n\t<br>\n\t你有着：\n\t<<for _t to 0; _t lt _plant_keys.length; _t++>>\n\t\t<<if $plants[_plant_keys[_t]].amount gte 1>><<set _plant_temp to 1>>\n\t\t\t<span class=\"green\"><<print $plants[_plant_keys[_t]].amount>></span>\n\t\t\t<<if $options.images is 1 and setup.plants[_plant_keys[_t]].icon>>\n\t\t\t\t<img class=\"tending_icon\" @src=\"`img/misc/icon/tending/` + setup.plants[_plant_keys[_t]].icon\">\n\t\t\t<</if>>\n\t\t\t<<if setup.plants[$plants[_plant_keys[_t]].name].singular and $plants[_plant_keys[_t]].amount === 1>>\n\t\t\t\t<<print $plants[_plant_keys[_t]].plural>> |\n\t\t\t<<else>>\n\t\t\t\t<<print $plants[_plant_keys[_t]].plural>> |\n\t\t\t<</if>>\n\t\t<</if>>\n\t<</for>>\n\t<br><br>\n\t<</if>>\n\t<<if _plant_temp is 1>>你可以在<span class=\"gold\">黎明时分</span>前往<span class=\"gold\">康努达塔斯街</span>租用摊位来进行出售。<br><</if>>",
        "replace":"\n"
    },
    {
        "passage":"Characteristics",
        "findString" :"<<set _housekeepingConfig =\t{ name : \"家务\",displayType : \"grade\",\tcurrentValue : $housekeeping,\t\tmodifier: 100, modTypes: { good: [], bad: [] },\t\tstates : _detailedSkillGrades}>>\n",
        "replace":"<<set _housekeepingConfig =\t{ name : \"家务\",displayType : \"grade\",\tcurrentValue : $housekeeping,\t\tmodifier: 100, modTypes: { good: [], bad: [] },\t\tstates : _detailedSkillGrades}>>\n\t\t\t\t<<set _mechanicConfig = \t{ name : lanSwitch('Mechanic','机械'),\tdisplayType : \"grade\",\tcurrentValue : $mechanic,\t\tmodifier: 100, modTypes: { good: [], bad: [] },\t\tstates : _detailedSkillGrades}>>"   
    },
    {
        "passage":"Characteristics",
        "findString" :"<<characteristic-box _housekeepingConfig>>\n",
        "replace":"<<characteristic-box _housekeepingConfig>>\n\t\t\t<<characteristic-box _mechanicConfig>>\n"   
    },
    {
        "passage":"Widgets Difficulty",
        "findString":"<<set $skulduggeryroll to random(1, 1000)>>",
        "replace":"<<set $skulduggeryroll to random(1, 1000)>>\n<<if $mechaitems.tool is 1>><<set $skulduggeryroll *= 1.1>><<set $skulduggerydifficulty *= 0.95>><</if>>"
    },
    {
        "passage":"Widgets Sleep",
        "findString" :"<<if $ruffledisable is \"f\">>\n\t\t<<set $_hair to",
        "replace":"<<if $ruffledisable is \"f\" and $iCandyStats.keepHairs is \"f\">>\n\t\t<<set $_hair to"   
    },
	{
     "passage": "Widgets",
     "findString": "<</if>>\n<</widget>>\n\n\n<<widget \"tableText\">>",
     "replaceFile": "bedroomWidget.txt"
    },
	{
        "passage": "Widgets Stats",
        "findString": "\n\t\t<<set $drugged += Math.floor(_args[0] * _drugged_mod)>>\n",
        "replaceFile": "drugsWidget.txt"
    },
    {
        "passage": "Widgets Stats",
        "findString": "\n\t\t<<set $drunk += Math.floor(_args[0] * _drunk_mod)>>\n",
        "replaceFile": "drunkWidget.txt"
    },
    {
        "passage": "Widgets Bodywriting",
        "findString": "<<if (($enemyarousal + ($enemytrust * 5) - $enemyanger + ($attractiveness / 10) * (currentSkillValue(\"seductionskill\") / 200)) gte 1000)>>",
        "replace": "<<if (($enemyarousal + ($enemytrust * 6) - $enemyanger + ($attractiveness / 10) * (currentSkillValue(\"seductionskill\") / 100)) gte 880)>>"
    },
    {
        "passage": "Widgets Bodywriting",
        "findString": "<<elseif (($enemyarousal + ($enemytrust * 5) - $enemyanger + ($attractiveness / 10) * (currentSkillValue(\"seductionskill\") / 200)) gte 500)>>",
        "replace": "<<elseif (($enemyarousal + ($enemytrust * 6) - $enemyanger + ($attractiveness / 10) * (currentSkillValue(\"seductionskill\") / 100)) gte 440)>>"
    },
    {
        "passage": "Widgets Bodywriting",
        "findString": "<<elseif $skin[_args[0]].degree lte ($enemyarousal + ($enemytrust * 5) - $enemyanger + ($attractiveness / 10) * (currentSkillValue(\"seductionskill\") / 200))>>",
        "replace": "<<elseif $skin[_args[0]].degree lte ($enemyarousal + ($enemytrust * 6) - $enemyanger + ($attractiveness / 10) * (currentSkillValue(\"seductionskill\") / 100))>>"
    }
   ]
  }
 ],
 "dependenceInfo": [
  {
   "modName": "ModLoader",
   "version": ">=1.1.0"
  },
  {
   "modName": "ModLoader DoL ImageLoaderHook",
   "version": ">=1.0.0"
  },
  {
   "modName": "TweeReplacer",
   "version": ">=1.0.0"
  },
  {
   "modName": "ReplacePatcher",
   "version": ">=1.0.0"
  }
 ]
}