{
  "name": "LongerCombat",
  "version": "1.1.1",
  "styleFileList": [],
  "scriptFileList_inject_early": [
    "registLC.js"
  ],
  "scriptFileList": [
    "longercombat.js"
  ],
  "tweeFileList": [
    "options.twee"
  ],
  "imgFileList": [],
  "additionFile": [
    "readme.md"
  ],
  "addonPlugin": [
    {
      "modName": "TweeReplacer",
      "addonName": "TweeReplacerAddon",
      "modVersion": "1.0.0",
      "params": [
        {
          "passage": "Widgets Effects",
          "findString": "<<pass 10 seconds>>",
          "replace": "<<set _timepass = iMod.getCf('longerCombat').time>><<pass _timepass>>"
        }
      ]
    }
  ],
  "dependenceInfo": [
    {
      "modName": "TweeReplacer",
      "version": "^1.0.0"
    },
    {
      "modName": "ReplacePatcher",
      "version": "^1.0.0"
    },
    {
      "modName": "Simple Frameworks",
      "version": "^1.6.0"
    }
  ],
  "build": "18"
}