{
  "name": "i, Candy + Robot Imagepack",
  "version": "1.0.0",
  "modPacker": {
    "modScriptFolder": {
      "imgFileList": "img/**/*.png"
    }
  },
  "styleFileList": [],
  "scriptFileList_earlyload": [],
  "scriptFileList_inject_early": [],
  "scriptFileList_preload": [],
  "scriptFileList": [],
  "tweeFileList": [],
  "imgFileList": [
    "img/fourseason/AutumnBoxedMeal.png",
    "img/fourseason/BasicFoodSet.png",
    "img/fourseason/BulkSakuraWine.png",
    "img/fourseason/ChestnutEarlGreyCake.png",
    "img/fourseason/Cold Ramen.png",
    "img/fourseason/HanamiDango.png",
    "img/fourseason/LambChop.png",
    "img/fourseason/MincePie.png",
    "img/fourseason/MintJelly.png",
    "img/fourseason/MintLemonade.png",
    "img/fourseason/MontBlanc Cake.png",
    "img/fourseason/MulledWine.png",
    "img/fourseason/OsmanthusWine.png",
    "img/fourseason/PineappleIce.png",
    "img/fourseason/Porkpie.png",
    "img/fourseason/SakuraWineWithBox.png",
    "img/fourseason/Sakuramochi.png",
    "img/fourseason/SpringBoxedMeal.png",
    "img/fourseason/WatermelonIce.png",
    "img/items/bag_none.png",
    "img/items/cart_none.png",
    "img/items/consumable/cigarette.png",
    "img/items/consumable/cigarette_10.png",
    "img/items/consumable/cigarette_100.png",
    "img/items/consumable/cigarette_25.png",
    "img/items/consumable/cigarette_50.png",
    "img/items/consumable/cigarette_75.png",
    "img/items/consumable/druglubricant.png",
    "img/items/consumable/lubricant.png",
    "img/items/consumable/lubricant_new.png",
    "img/items/consumable/marlboro.png",
    "img/items/consumable/marlboro_10.png",
    "img/items/consumable/marlboro_100.png",
    "img/items/consumable/marlboro_25.png",
    "img/items/consumable/marlboro_50.png",
    "img/items/consumable/marlboro_75.png",
    "img/items/container/backpack.png",
    "img/items/container/backpack_girl.png",
    "img/items/container/bucket.png",
    "img/items/container/bucket_blue.png",
    "img/items/container/bucket_yellow.png",
    "img/items/container/cart.png",
    "img/items/container/coinpouch.png",
    "img/items/container/hikingpack.png",
    "img/items/container/leathersatchel.png",
    "img/items/container/leathersatchel_girl.png",
    "img/items/container/plasticbag.png",
    "img/items/container/pouch.png",
    "img/items/container/pouch_blue.png",
    "img/items/container/pouch_green.png",
    "img/items/container/pouch_orange.png",
    "img/items/container/pouch_pink.png",
    "img/items/container/pouch_purple.png",
    "img/items/container/pouch_yellow.png",
    "img/items/container/purse.png",
    "img/items/container/satchel.png",
    "img/items/container/satchel_cat.png",
    "img/items/container/satchel_girl.png",
    "img/items/container/seedbag.png",
    "img/items/container/trashbag.png",
    "img/items/container/wallet.png",
    "img/items/container/xlcart.png",
    "img/items/cooking/蒸笼.png",
    "img/items/cooking/食物-包子.png",
    "img/items/cooking/食物-包子（蒸笼）.png",
    "img/items/cooking/食物-发糕（蒸笼）.png",
    "img/items/cooking/食物-土豆泥.png",
    "img/items/cooking/食物-意面.png",
    "img/items/cooking/食物-沙拉.png",
    "img/items/cooking/食物-炒饭.png",
    "img/items/cooking/食物-煎蛋.png",
    "img/items/cooking/食物-玉米热狗卷（蒸笼）.png",
    "img/items/cooking/食物-番茄意面.png",
    "img/items/cooking/食物-番茄炒蛋.png",
    "img/items/cooking/食物-粽子（蒸笼）.png",
    "img/items/cooking/食物-茶叶蛋.png",
    "img/items/cooking/食物-蔬菜浓汤.png",
    "img/items/cooking/食物-虾肉？烧卖（蒸笼）.png",
    "img/items/cooking/食物-蛋羹.png",
    "img/items/cooking/食物-饺子（蒸笼）.png",
    "img/items/cooking/食物-馒头（蒸笼）.png",
    "img/items/drugs/amphetamine.png",
    "img/items/drugs/angelpowder.png",
    "img/items/drugs/angelpowder_100.png",
    "img/items/drugs/angelpowder_25.png",
    "img/items/drugs/angelpowder_50.png",
    "img/items/drugs/angelpowder_75.png",
    "img/items/drugs/angelpowder_inject.png",
    "img/items/drugs/canabitabacco.png",
    "img/items/drugs/cocaine.png",
    "img/items/drugs/heroin.png",
    "img/items/drugs/heroin_1.png",
    "img/items/drugs/heroin_2.png",
    "img/items/drugs/mdma.png",
    "img/items/drugs/morphine.png",
    "img/items/drugs/morphine_100.png",
    "img/items/drugs/morphine_25.png",
    "img/items/drugs/morphine_50.png",
    "img/items/drugs/morphine_75.png",
    "img/items/drugs/nzt_48.png",
    "img/items/facility/candyflossmachine.png",
    "img/items/facility/toolbox.png",
    "img/items/facility/toolbox_blue.png",
    "img/items/foods/beer.png",
    "img/items/foods/blackbeer.png",
    "img/items/foods/candyfloss.png",
    "img/items/foods/chocolate.png",
    "img/items/foods/cola.png",
    "img/items/foods/fruitscandy.png",
    "img/items/foods/lolipop.png",
    "img/items/foods/lunchbox.png",
    "img/items/foods/potachips.png",
    "img/items/foods/ramune.png",
    "img/items/foods/ramune_100.png",
    "img/items/foods/ramune_s.png",
    "img/items/foods/sandwich.png",
    "img/items/foods/sandwichBread.png",
    "img/items/gacha/angry_owl.png",
    "img/items/gacha/arctic_hare.png",
    "img/items/gacha/dove.png",
    "img/items/gacha/elephant_balloon.png",
    "img/items/gacha/fox.png",
    "img/items/gacha/foxdove.png",
    "img/items/gacha/foxmoon.png",
    "img/items/gacha/gacha.png",
    "img/items/gacha/gacha_leef.png",
    "img/items/gacha/gacha_magic.png",
    "img/items/gacha/gacha_opened.png",
    "img/items/gacha/gacha_star.png",
    "img/items/gacha/gachacandy.png",
    "img/items/gacha/gachacandy_blue.png",
    "img/items/gacha/gachacandy_orange.png",
    "img/items/gacha/gachacandy_pink.png",
    "img/items/gacha/gachacandy_purple.png",
    "img/items/gacha/gachacandy_red.png",
    "img/items/gacha/gachacandy_yellow.png",
    "img/items/gacha/goldgacha.png",
    "img/items/gacha/goldgacha_opened.png",
    "img/items/gacha/ir.png",
    "img/items/gacha/rabbit_green.png",
    "img/items/gacha/rabbit_pink.png",
    "img/items/gacha/rainbow_cat.png",
    "img/items/held_none.png",
    "img/items/ingredients/blood.png",
    "img/items/ingredients/candypackage.png",
    "img/items/ingredients/cream.png",
    "img/items/ingredients/flour.png",
    "img/items/ingredients/mayonnaise.png",
    "img/items/ingredients/sugar.png",
    "img/items/ingredients/sugar_100.png",
    "img/items/item_none.png",
    "img/items/medicine/aminobutyric.png",
    "img/items/medicine/bruiserelief.png",
    "img/items/medicine/melatonin.png",
    "img/items/medicine/neuroOptimization.png",
    "img/items/medicine/painreduce.png",
    "img/items/medicine/serotonin.png",
    "img/items/skillbook_chemistry.png",
    "img/items/skillbook_cook.png",
    "img/items/skillbook_machine.png",
    "img/items/wallet_none.png",
    "img/items/笔记本和笔_白色.png",
    "img/items/笔记本和笔_红色.png",
    "img/items/笔记本和笔_绿色.png",
    "img/items/笔记本和笔_蓝色.png",
    "img/misc/Gachapon_empty.png",
    "img/misc/Gachapon_full.png",
    "img/misc/Gachapon_half.png",
    "img/misc/candyflossmachine.png",
    "img/misc/chat.png",
    "img/misc/chat_alert.png",
    "img/misc/chat_happy.png",
    "img/misc/chat_question.png",
    "img/misc/chinatown.png",
    "img/misc/chinatown_entry.png",
    "img/misc/cook.png",
    "img/misc/craft.png",
    "img/misc/daiso.png",
    "img/misc/firepan.png",
    "img/misc/land_shrine.png",
    "img/misc/medicine.png",
    "img/misc/mobilecandymachine.png",
    "img/misc/mobilestall.png",
    "img/misc/qian.png",
    "img/misc/repair.png",
    "img/misc/researchInstitute.png",
    "img/misc/takeblood.png",
    "img/misc/toolbox.png",
    "img/misc/warehouse.png",
    "img/misc/xianglu.png",
    "img/misc/熔炉.png",
    "img/normal/almond_path_entrance_dawn.png",
    "img/normal/almond_path_entrance_day.png",
    "img/normal/almond_path_entrance_dusk.png",
    "img/normal/almond_path_entrance_night.png",
    "img/normal/land_shrine_dawn.png",
    "img/normal/land_shrine_day.png",
    "img/normal/land_shrine_dusk.png",
    "img/normal/land_shrine_night.png",
    "img/normal/research_institute_dawn.png",
    "img/normal/research_institute_day.png",
    "img/normal/research_institute_dusk.png",
    "img/normal/research_institute_night.png",
    "img/winter/almond_path_dawn.png",
    "img/winter/almond_path_day.png",
    "img/winter/almond_path_dusk.png",
    "img/winter/almond_path_night.png",
    "img/winter/land_shrine_dawn.png",
    "img/winter/land_shrine_day.png",
    "img/winter/land_shrine_dusk.png",
    "img/winter/land_shrine_night.png",
    "img/winter/research_institute_dawn.png",
    "img/winter/research_institute_day.png",
    "img/winter/research_institute_dusk.png",
    "img/winter/research_institute_night.png"
  ],
  "additionFile": [
    "img/imagepath.json"
  ],
  "addonPlugin": [
    {
      "modName": "ModLoader DoL ImageLoaderHook",
      "addonName": "ImageLoaderAddon",
      "modVersion": "^2.3.0",
      "params": []
    }
  ],
  "dependenceInfo": [
    {
      "modName": "ModLoader",
      "version": ">=1.1.0"
    },
    {
      "modName": "ModLoader DoL ImageLoaderHook",
      "version": "^2.3.0"
    }
  ]
}