{
 "name": "i, Candy + Robot Imagepack",
 "version": "1.0.0",
 "styleFileList": [
 ],
 "scriptFileList_earlyload": [],
 "scriptFileList_inject_early": [
  ],
 "scriptFileList_preload": [],
 "scriptFileList": [
 ],
 "tweeFileList": [
 ],
 "imgFileList": [
    "img/misc/candyflossmachine.png",
    "img/misc/chinatown.png",
    "img/misc/cook.png",
    "img/misc/craft.png",
    "img/misc/daiso.png",
    "img/misc/firepan.png",
    "img/misc/Gachapon_empty.png",
    "img/misc/Gachapon_full.png",
    "img/misc/Gachapon_half.png",
    "img/misc/land_shrine.png",
    "img/misc/medicine.png",
    "img/misc/qian.png",
    "img/misc/repair.png",
    "img/misc/researchInstitute.png",
    "img/misc/takeblood.png",
    "img/misc/toolbox.png",
    "img/misc/xianglu.png",
    "img/items/bag_none.png",
    "img/items/cart_none.png",
    "img/items/held_none.png",
    "img/items/item_none.png",
    "img/items/skillbook_chemistry.png",
    "img/items/skillbook_cook.png",
    "img/items/skillbook_machine.png",
    "img/items/wallet_none.png",
    "img/items/consumable/cigarette.png",
    "img/items/consumable/cigarette_10.png",
    "img/items/consumable/cigarette_100.png",
    "img/items/consumable/cigarette_25.png",
    "img/items/consumable/cigarette_50.png",
    "img/items/consumable/cigarette_75.png",
    "img/items/consumable/druglubricant.png",
    "img/items/consumable/lubricant.png",
    "img/items/consumable/lubricant_new.png",
    "img/items/consumable/marlboro.png",
    "img/items/consumable/marlboro_10.png",
    "img/items/consumable/marlboro_100.png",
    "img/items/consumable/marlboro_25.png",
    "img/items/consumable/marlboro_50.png",
    "img/items/consumable/marlboro_75.png",
    "img/items/container/backpack.png",
    "img/items/container/backpack_girl.png",
    "img/items/container/bucket_blue.png",
    "img/items/container/bucket_red.png",
    "img/items/container/bucket_yellow.png",
    "img/items/container/cart.png",
    "img/items/container/coinpouch.png",
    "img/items/container/hikingpack.png",
    "img/items/container/leathersatchel.png",
    "img/items/container/leathersatchel_girl.png",
    "img/items/container/plasticbag.png",
    "img/items/container/pouch_blue.png",
    "img/items/container/pouch_green.png",
    "img/items/container/pouch_orange.png",
    "img/items/container/pouch_pink.png",
    "img/items/container/pouch_purple.png",
    "img/items/container/pouch_red.png",
    "img/items/container/pouch_yellow.png",
    "img/items/container/purse.png",
    "img/items/container/satchel.png",
    "img/items/container/satchel_cat.png",
    "img/items/container/satchel_girl.png",
    "img/items/container/schoolbag.jpg",
    "img/items/container/schoolbag_black.jpg",
    "img/items/container/schoolbag_pink.jpg",
    "img/items/container/seedbag.png",
    "img/items/container/wallet.png",
    "img/items/container/xlcart.png",
    "img/items/drugs/amphetamine.png",
    "img/items/drugs/angelpowder.png",
    "img/items/drugs/canabitabacco.png",
    "img/items/drugs/cocaine.png",
    "img/items/drugs/heroin.png",
    "img/items/drugs/heroin_1.png",
    "img/items/drugs/heroin_2.png",
    "img/items/drugs/mdma.png",
    "img/items/drugs/nzt_48.png",
    "img/items/facility/candyflossmachine.png",
    "img/items/facility/toolbox.png",
    "img/items/facility/toolbox_blue.png",
    "img/items/foods/beer.png",
    "img/items/foods/blackbeer.png",
    "img/items/foods/candyfloss.png",
    "img/items/foods/chocolate.png",
    "img/items/foods/cola.png",
    "img/items/foods/fruitscandy.png",
    "img/items/foods/lolipop.png",
    "img/items/foods/lunchbox.png",
    "img/items/foods/potachips.png",
    "img/items/foods/ramune.png",
    "img/items/foods/sandwich.png",
    "img/items/foods/sandwichBread.png",
    "img/items/gacha/angry_owl.png",
    "img/items/gacha/arctic_hare.png",
    "img/items/gacha/dove.png",
    "img/items/gacha/elephant_balloon.png",
    "img/items/gacha/fox.png",
    "img/items/gacha/foxdove.png",
    "img/items/gacha/foxmoon.png",
    "img/items/gacha/ir.png",
    "img/items/gacha/rabbit_green.png",
    "img/items/gacha/rabbit_pink.png",
    "img/items/gacha/rainbow_cat.png",
    "img/items/ingredients/blood.png",
    "img/items/ingredients/cream.png",
    "img/items/ingredients/flour.png",
    "img/items/ingredients/mayonnaise.png",
    "img/items/ingredients/sugar.png",
    "img/items/ingredients/sugar_100.png",
    "img/items/medicine/aminobutyric.png",
    "img/items/medicine/bruiserelief.png",
    "img/items/medicine/melatonin.png",
    "img/items/medicine/neuroOptimization.png",
    "img/items/medicine/painreduce.png",
    "img/items/medicine/serotonin.png",
    "img/normal/chinatown_entrance_dawn.png",
    "img/normal/chinatown_entrance_day.png",
    "img/normal/chinatown_entrance_dusk.png",
    "img/normal/chinatown_entrance_night.png",
    "img/normal/land_shrine_dawn.png",
    "img/normal/land_shrine_day.png",
    "img/normal/land_shrine_dusk.png",
    "img/normal/land_shrine_night.png",
    "img/normal/research_institute_dawn.png",
    "img/normal/research_institute_day.png",
    "img/normal/research_institute_dusk.png",
    "img/normal/research_institute_night.png",
    "img/winter/chinatown_entrance_dawn.png",
    "img/winter/chinatown_entrance_day.png",
    "img/winter/chinatown_entrance_dusk.png",
    "img/winter/chinatown_entrance_night.png",
    "img/winter/land_shrine_dawn.png",
    "img/winter/land_shrine_day.png",
    "img/winter/land_shrine_dusk.png",
    "img/winter/land_shrine_night.png",
    "img/winter/research_institute_dawn.png",
    "img/winter/research_institute_day.png",
    "img/winter/research_institute_dusk.png",
    "img/winter/research_institute_night.png"
 ],
 "additionFile": [
 ],
 "addonPlugin": [
  {
   "modName": "TweeReplacer",
   "addonName": "TweeReplacerAddon",
   "modVersion": "1.0.0",
   "params": [
   ]
  },
  {
   "modName": "ModLoader DoL ImageLoaderHook",
   "addonName": "ImageLoaderHookAddon",
   "modVersion": "^2.3.0",
   "params": [
   ]
  }
 ],
 "dependenceInfo": [
  {
   "modName": "ModLoader",
   "version": ">=1.1.0"
  },
  {
   "modName": "ModLoader DoL ImageLoaderHook",
   "version": ">=1.0.0"
  },
  {
   "modName": "i, Candy + Robot",
   "version": ">=2.1.0"
  }
 ]
}