{
  "name": "Simple Frameworks",
  "version": "1.10.1",
  "modPacker": {
    "modVersionJs": {
      "file": "lib/simplewidget.js",
      "regex": "^(const frameworkversion =)(.*)"
    }
  },
  "scriptFileList_inject_early": [
    "lib/util.js",
    "lib/selectcase.js",
    "lib/simplewidget.js"
  ],
  "scriptFileList_earlyload": [
    "earlyload/patchpassage.js"
  ],
  "scriptFileList_preload": [],
  "styleFileList": [
    "css/general.css"
  ],
  "scriptFileList": [
    "scripts/simpleMacros.js",
    "scripts/NamedNPC.js",
    "scripts/onSetup.js",
    "scripts/CNCodeResolver.js"
  ],
  "tweeFileList": [],
  "imgFileList": [],
  "additionFile": [
    "readme.txt"
  ],
  "addonPlugin": [
    {
      "modName": "TweeReplacer",
      "addonName": "TweeReplacerAddon",
      "modVersion": "1.0.0",
      "params": []
    }
  ],
  "dependenceInfo": [
    {
      "modName": "TweeReplacer",
      "version": "^1.0.0"
    },
    {
      "modName": "ReplacePatcher",
      "version": "^1.0.0"
    }
  ]
}