{
  "name": "i, Candy + Robot",
  "version": "2.2.1",
  "modPacker": {
    "modVersionJs": {
      "file": "0Scripts/0_framework/0_modversion.js",
      "regex": "^(const iCandyModVersion =)(.*)"
    },
    "modScriptFolder": {
      "styleFileList": "css/**/*.css",
      "scriptFileList": [
        "0Scripts/**/*.js",
        "gamecode/**/*.js"
      ],
      "tweeFileList": [
        "gamecode/**/*.twee"
      ]
    }
  },
  "styleFileList": [
    "css/items.css"
  ],
  "scriptFileList_earlyload": [],
  "scriptFileList_inject_early": [
    "0EarlyInject/SFRegist.js"
  ],
  "scriptFileList_preload": [],
  "scriptFileList": [
    "0Scripts/0_framework/0_modversion.js",
    "0Scripts/0_framework/1_setupdata.js",
    "0Scripts/0_framework/2_itemFrameworks.js",
    "0Scripts/1_database/ItemMsg.js",
    "0Scripts/1_database/drugItems.js",
    "0Scripts/1_database/drugMsg.js",
    "0Scripts/1_database/itemList.js",
    "0Scripts/1_database/modVariables.js",
    "0Scripts/1_database/npcSetup.js",
    "0Scripts/1_database/systemMsg.js",
    "0Scripts/2_mainModule/mainModule.js",
    "0Scripts/3_systems/charaManager.js",
    "0Scripts/3_systems/drugProcess.js",
    "0Scripts/3_systems/eventManager.js",
    "0Scripts/3_systems/itemManager.js",
    "0Scripts/3_systems/jQueryEvent.js",
    "0Scripts/3_systems/timeProcess.js",
    "0Scripts/3_systems/utilWidget.js",
    "gamecode/Scene/Chinatown/eventRegist.js",
    "gamecode/Scene/Daiso/eventRegist.js",
    "gamecode/Scene/SceneRegist.js"
  ],
  "tweeFileList": [
    "gamecode/EventLoop.twee",
    "gamecode/MainWidgets.twee",
    "gamecode/ModOption.twee",
    "gamecode/PalamWidget.twee",
    "gamecode/Pocket.twee",
    "gamecode/Robot.twee",
    "gamecode/Scene/Brothel.twee",
    "gamecode/Scene/Chinatown/Almond.twee",
    "gamecode/Scene/Chinatown/Grocers.twee",
    "gamecode/Scene/Chinatown/Institude.twee",
    "gamecode/Scene/Chinatown/Intro.twee",
    "gamecode/Scene/Chinatown/Main.twee",
    "gamecode/Scene/Chinatown/Park.twee",
    "gamecode/Scene/Chinatown/Passout.twee",
    "gamecode/Scene/Chinatown/Restraunt.twee",
    "gamecode/Scene/Chinatown/Shrine.twee",
    "gamecode/Scene/Chinatown/Xinyu Intro cn.twee",
    "gamecode/Scene/Chinatown/Xinyu Intro en.twee",
    "gamecode/Scene/Chinatown/Xinyu.twee",
    "gamecode/Scene/Chinatown/widget.twee",
    "gamecode/Scene/Daiso/Event.twee",
    "gamecode/Scene/Daiso/Intro.twee",
    "gamecode/Scene/Daiso/Main.twee",
    "gamecode/Scene/Daiso/Scene.twee",
    "gamecode/Scene/Pharmacy.twee",
    "gamecode/UseItems.twee",
    "gamecode/Widgets.twee"
  ],
  "imgFileList": [],
  "additionFile": [
    "replaceFiles/bedroomWidget.txt",
    "replaceFiles/drugsWidget.txt",
    "replaceFiles/drunkWidget.txt",
    "replaceFiles/journal.txt"
  ],
  "addonPlugin": [
    {
      "modName": "TweeReplacer",
      "addonName": "TweeReplacerAddon",
      "modVersion": "1.0.0",
      "params": [
        {
          "passage": "PassageHeader",
          "findString": "<<unset $bypassHeader>>",
          "replace": "<<unset $bypassHeader>>\n<<iCandyHeader>><div id='addMsg'></div>"
        },
        {
          "passage": "PassageFooter",
          "findString": "<div id=\"gameVersionDisplay\">",
          "replace": "<<iCandyFooter>>\n<div id=\"gameVersionDisplay\">"
        },
        {
          "passage": "Widgets Journal",
          "findRegex": "<<if\\s\\$antiquemoney[\\s\\S]+<br><</if>>\n<</widget>>",
          "replaceFile": "replaceFiles/journal.txt"
        },
        {
          "passage": "Widgets Difficulty",
          "findString": "<<set $skulduggeryroll to random(1, 1000)>>",
          "replace": "<<set $skulduggeryroll to random(1, 1000)>>\n<<if R.mechStats.toolset is 1>><<set $skulduggeryroll *= 1.1>><<set $skulduggerydifficulty *= 0.95>><</if>>"
        },
        {
          "passage": "Widgets Sleep",
          "findString": "<<if $ruffledisable is \"f\">>\n\t\t<<set $_hair to",
          "replace": "<<if $ruffledisable is \"f\" and iCandy.getConfig('keepHairs') is false >>\n\t\t<<set $_hair to"
        },
        {
          "passage": "Widgets",
          "findString": "<</if>>\n<</widget>>\n\n\n<<widget \"tableText\">>",
          "replaceFile": "replaceFiles/bedroomWidget.txt"
        },
        {
          "passage": "Widgets",
          "findString": "<img id=\"location\" @src=\"_imgLoc + _weather_display + '/wolf_cave'+_dayState+'.png'\">",
          "replaceFile": "replaceFiles/locationImage.txt"
        },
        {
          "passage": "Widgets Stats",
          "findString": "\n\t\t<<set $drugged += Math.floor(_args[0] * _drugged_mod)>>\n",
          "replaceFile": "replaceFiles/drugsWidget.txt"
        },
        {
          "passage": "Widgets Stats",
          "findString": "\n\t\t<<set $drunk += Math.floor(_args[0] * _drunk_mod)>>\n",
          "replaceFile": "replaceFiles/drunkWidget.txt"
        },
        {
          "passage": "Widgets Bodywriting",
          "findString": "<<if (($enemyarousal + ($enemytrust * 5) - $enemyanger + ($attractiveness / 10) * (currentSkillValue(\"seductionskill\") / 200)) gte 1000)>>",
          "replace": "<<if (($enemyarousal + ($enemytrust * 5.5) - $enemyanger + ($attractiveness / 10) * (currentSkillValue(\"seductionskill\") / 100)) gte 880)>>"
        },
        {
          "passage": "Widgets Bodywriting",
          "findString": "<<elseif (($enemyarousal + ($enemytrust * 5) - $enemyanger + ($attractiveness / 10) * (currentSkillValue(\"seductionskill\") / 200)) gte 500)>>",
          "replace": "<<elseif (($enemyarousal + ($enemytrust * 5.5) - $enemyanger + ($attractiveness / 10) * (currentSkillValue(\"seductionskill\") / 100)) gte 440)>>"
        },
        {
          "passage": "Widgets Bodywriting",
          "findString": "<<elseif $skin[_args[0]].degree lte ($enemyarousal + ($enemytrust * 5) - $enemyanger + ($attractiveness / 10) * (currentSkillValue(\"seductionskill\") / 200))>>",
          "replace": "<<elseif $skin[_args[0]].degree lte ($enemyarousal * 2 + ($enemytrust * 5) - $enemyanger + ($attractiveness / 5) * (currentSkillValue(\"seductionskill\") / 100))>>"
        },
        {
          "passage": "Brothel",
          "findString": "<<if $brotheljob is 1>>",
          "replace": "\n<<if $brotheljob is 1>>\n<<brothelDrugs>>"
        }
      ]
    }
  ],
  "dependenceInfo": [
    {
      "modName": "ModLoader",
      "version": ">=1.1.0"
    },
    {
      "modName": "ModLoader DoL ImageLoaderHook",
      "version": ">=1.0.0"
    },
    {
      "modName": "TweeReplacer",
      "version": ">=1.0.0"
    },
    {
      "modName": "ReplacePatcher",
      "version": ">=1.0.0"
    },
    {
      "modName": "Simple Frameworks",
      "version": ">=1.6.0"
    }
  ]
}