{
  "name": "Simple Frameworks",
  "version": "1.13.1",
  "modPacker": {
    "modVersionJs": {
      "file": "lib/simplewidget.js",
      "regex": "^(const frameworkversion =)(.*)"
    },
    "modScriptFolder": {
      "styleFileList": "css/**/*.css",
      "scriptFileList": [
        "scripts/**/*.js"
      ]
    }
  },
  "scriptFileList_inject_early": [
    "lib/util.js",
    "lib/selectcase.js",
    "lib/simplewidget.js"
  ],
  "scriptFileList_earlyload": [
    "earlyload/patchpassage.js"
  ],
  "scriptFileList_preload": [],
  "styleFileList": [
    "css/general.css"
  ],
  "scriptFileList": [
    "scripts/CNCodeResolver.js",
    "scripts/NamedNPC.js",
    "scripts/customUI.js",
    "scripts/domTool.js",
    "scripts/onSetup.js",
    "scripts/simpleMacros.js",
    "scripts/timeHandler.js"
  ],
  "tweeFileList": [],
  "imgFileList": [],
  "additionFile": [
    "readme.txt"
  ],
  "addonPlugin": [
    {
      "modName": "TweeReplacer",
      "addonName": "TweeReplacerAddon",
      "modVersion": "1.0.0",
      "params": []
    }
  ],
  "dependenceInfo": [
    {
      "modName": "TweeReplacer",
      "version": "^1.0.0"
    },
    {
      "modName": "ReplacePatcher",
      "version": "^1.0.0"
    }
  ],
  "build": "17"
}