{
  "name": "Simple Frameworks",
  "version": "1.0.0",
  "scriptFileList_inject_early": [
    "simplewidget.js"
  ],
  "scriptFileList_earlyload": [
    "preload.js"
  ],
  "scriptFileList_preload": [
  ],
  "styleFileList": [
  ],
  "scriptFileList": [
    "selectcase.js",
    "util.js",
    "CNCodeResolver.js",
    "newNPC.js"
  ],
  "tweeFileList": [],
  "imgFileList": [],
  "additionFile": [],
  "addonPlugin": [
    {
      "modName": "TweeReplacer",
      "addonName": "TweeReplacerAddon",
      "modVersion": "1.0.0",
      "params": []
    }
  ],
  "dependenceInfo": [
    {
      "modName": "TweeReplacer",
      "version": "^1.0.0"
    },
    {
      "modName": "ReplacePatcher",
      "version": "^1.0.0"
    }
  ]
}