{
  "name": "i, Candy + Robot Imagepack",
  "version": "1.5.0",
  "modPacker": {
    "modScriptFolder": {
      "imgFileList": "img/**/*.png"
    }
  },
  "styleFileList": [],
  "scriptFileList_earlyload": [],
  "scriptFileList_inject_early": [],
  "scriptFileList_preload": [],
  "scriptFileList": [],
  "tweeFileList": [],
  "imgFileList": [
    "img/items/bag_none.png",
    "img/items/cart_none.png",
    "img/items/consumable/cigarette.png",
    "img/items/consumable/cigarette_10.png",
    "img/items/consumable/cigarette_100.png",
    "img/items/consumable/cigarette_25.png",
    "img/items/consumable/cigarette_50.png",
    "img/items/consumable/cigarette_75.png",
    "img/items/consumable/druglubricant.png",
    "img/items/consumable/lubricant.png",
    "img/items/consumable/lubricant_new.png",
    "img/items/consumable/marlboro.png",
    "img/items/consumable/marlboro_10.png",
    "img/items/consumable/marlboro_100.png",
    "img/items/consumable/marlboro_25.png",
    "img/items/consumable/marlboro_50.png",
    "img/items/consumable/marlboro_75.png",
    "img/items/container/backpack.png",
    "img/items/container/backpack_girl.png",
    "img/items/container/bucket.png",
    "img/items/container/bucket_blue.png",
    "img/items/container/bucket_yellow.png",
    "img/items/container/cart.png",
    "img/items/container/coinpouch.png",
    "img/items/container/hikingpack.png",
    "img/items/container/leathersatchel.png",
    "img/items/container/leathersatchel_girl.png",
    "img/items/container/plasticbag.png",
    "img/items/container/pouch.png",
    "img/items/container/pouch_blue.png",
    "img/items/container/pouch_green.png",
    "img/items/container/pouch_orange.png",
    "img/items/container/pouch_pink.png",
    "img/items/container/pouch_purple.png",
    "img/items/container/pouch_yellow.png",
    "img/items/container/purse.png",
    "img/items/container/satchel.png",
    "img/items/container/satchel_cat.png",
    "img/items/container/satchel_girl.png",
    "img/items/container/seedbag.png",
    "img/items/container/trashbag.png",
    "img/items/container/wallet.png",
    "img/items/container/xlcart.png",
    "img/items/cooking/蒸笼.png",
    "img/items/cooking/食物-包子.png",
    "img/items/cooking/食物-包子（蒸笼）.png",
    "img/items/cooking/食物-发糕（蒸笼）.png",
    "img/items/cooking/食物-土豆泥.png",
    "img/items/cooking/食物-意面.png",
    "img/items/cooking/食物-沙拉.png",
    "img/items/cooking/食物-炒饭.png",
    "img/items/cooking/食物-煎蛋.png",
    "img/items/cooking/食物-玉米热狗卷（蒸笼）.png",
    "img/items/cooking/食物-番茄意面.png",
    "img/items/cooking/食物-番茄炒蛋.png",
    "img/items/cooking/食物-粽子（蒸笼）.png",
    "img/items/cooking/食物-茶叶蛋.png",
    "img/items/cooking/食物-蔬菜浓汤.png",
    "img/items/cooking/食物-虾肉？烧卖（蒸笼）.png",
    "img/items/cooking/食物-蛋羹.png",
    "img/items/cooking/食物-饺子（蒸笼）.png",
    "img/items/cooking/食物-馒头（蒸笼）.png",
    "img/items/drinks/BulkSakuraWine.png",
    "img/items/drinks/MintLemonade.png",
    "img/items/drinks/MulledWine.png",
    "img/items/drinks/OsmanthusWine.png",
    "img/items/drinks/PineappleIce.png",
    "img/items/drinks/SakuraWineWithBox.png",
    "img/items/drinks/WatermelonIce.png",
    "img/items/drinks/beer.png",
    "img/items/drinks/blackbeer.png",
    "img/items/drinks/cancoffe.png",
    "img/items/drinks/cola.png",
    "img/items/drinks/icetea.png",
    "img/items/drinks/milktea.png",
    "img/items/drinks/mineralwater.png",
    "img/items/drinks/ramune.png",
    "img/items/drinks/ramune_100.png",
    "img/items/drinks/ramune_s.png",
    "img/items/drinks/royaltea.png",
    "img/items/drinks/sportdrink.png",
    "img/items/drinks/water.png",
    "img/items/drugs/amphetamine.png",
    "img/items/drugs/angelpowder.png",
    "img/items/drugs/angelpowder_100.png",
    "img/items/drugs/angelpowder_25.png",
    "img/items/drugs/angelpowder_50.png",
    "img/items/drugs/angelpowder_75.png",
    "img/items/drugs/angelpowder_inject.png",
    "img/items/drugs/canabitabacco.png",
    "img/items/drugs/cocaine.png",
    "img/items/drugs/heroin.png",
    "img/items/drugs/heroin_1.png",
    "img/items/drugs/heroin_2.png",
    "img/items/drugs/mdma.png",
    "img/items/drugs/morphine.png",
    "img/items/drugs/morphine_100.png",
    "img/items/drugs/morphine_25.png",
    "img/items/drugs/morphine_50.png",
    "img/items/drugs/morphine_75.png",
    "img/items/drugs/nzt_48.png",
    "img/items/foods/AutumnBoxedMeal.png",
    "img/items/foods/BasicFoodSet.png",
    "img/items/foods/ChestnutRoyalCake.png",
    "img/items/foods/ColdRamen.png",
    "img/items/foods/HanamiDango.png",
    "img/items/foods/LambChop.png",
    "img/items/foods/MincePie.png",
    "img/items/foods/MintJelly.png",
    "img/items/foods/MontBlancCake.png",
    "img/items/foods/PorkPie.png",
    "img/items/foods/Sakuramochi.png",
    "img/items/foods/SpringBoxedMeal.png",
    "img/items/foods/candyfloss.png",
    "img/items/foods/chocolate.png",
    "img/items/foods/danishcookies.png",
    "img/items/foods/danishcookies_100.png",
    "img/items/foods/danishcookies_30.png",
    "img/items/foods/danishcookies_80.png",
    "img/items/foods/ferrero.png",
    "img/items/foods/ferrero_100.png",
    "img/items/foods/ferrero_30.png",
    "img/items/foods/ferrero_80.png",
    "img/items/foods/fruitscandy.png",
    "img/items/foods/fruitscrisp.png",
    "img/items/foods/jellos.png",
    "img/items/foods/lolipop.png",
    "img/items/foods/lunchbox.png",
    "img/items/foods/oreo.png",
    "img/items/foods/orionring.png",
    "img/items/foods/pocky.png",
    "img/items/foods/potachips.png",
    "img/items/foods/ritz.png",
    "img/items/foods/sandwich.png",
    "img/items/foods/sandwichBread.png",
    "img/items/gacha/angry_owl.png",
    "img/items/gacha/arctic_hare.png",
    "img/items/gacha/dove.png",
    "img/items/gacha/elephant_balloon.png",
    "img/items/gacha/fox.png",
    "img/items/gacha/foxdove.png",
    "img/items/gacha/foxmoon.png",
    "img/items/gacha/gacha.png",
    "img/items/gacha/gacha_leef.png",
    "img/items/gacha/gacha_magic.png",
    "img/items/gacha/gacha_opened.png",
    "img/items/gacha/gacha_star.png",
    "img/items/gacha/gachacandy.png",
    "img/items/gacha/gachacandy_blue.png",
    "img/items/gacha/gachacandy_orange.png",
    "img/items/gacha/gachacandy_pink.png",
    "img/items/gacha/gachacandy_purple.png",
    "img/items/gacha/gachacandy_red.png",
    "img/items/gacha/gachacandy_yellow.png",
    "img/items/gacha/goldgacha.png",
    "img/items/gacha/goldgacha_opened.png",
    "img/items/gacha/ir.png",
    "img/items/gacha/rabbit_green.png",
    "img/items/gacha/rabbit_pink.png",
    "img/items/gacha/rainbow_cat.png",
    "img/items/held_none.png",
    "img/items/ingredients/blood.png",
    "img/items/ingredients/candypackage.png",
    "img/items/ingredients/cream.png",
    "img/items/ingredients/flour.png",
    "img/items/ingredients/mayonnaise.png",
    "img/items/ingredients/sugar.png",
    "img/items/ingredients/sugar_100.png",
    "img/items/item_none.png",
    "img/items/medicine/aminobutyric.png",
    "img/items/medicine/bruiserelief.png",
    "img/items/medicine/melatonin.png",
    "img/items/medicine/neuroOptimization.png",
    "img/items/medicine/painreduce.png",
    "img/items/medicine/serotonin.png",
    "img/items/misc/candyflossmachine.png",
    "img/items/misc/noteset.png",
    "img/items/misc/noteset_blue.png",
    "img/items/misc/noteset_green.png",
    "img/items/misc/noteset_red.png",
    "img/items/misc/skillbook_chemistry.png",
    "img/items/misc/skillbook_cook.png",
    "img/items/misc/skillbook_machine.png",
    "img/items/misc/toolbox.png",
    "img/items/misc/toolbox_blue.png",
    "img/items/wallet_none.png",
    "img/misc/Gachapon_empty.png",
    "img/misc/Gachapon_full.png",
    "img/misc/Gachapon_half.png",
    "img/misc/candyflossmachine.png",
    "img/misc/chat.png",
    "img/misc/chat_alert.png",
    "img/misc/chat_happy.png",
    "img/misc/chat_question.png",
    "img/misc/chinatown.png",
    "img/misc/chinatown_entry.png",
    "img/misc/container_blue.png",
    "img/misc/container_orange.png",
    "img/misc/container_red.png",
    "img/misc/containers.png",
    "img/misc/cook.png",
    "img/misc/craft.png",
    "img/misc/daiso.png",
    "img/misc/daiso_drink_banner.png",
    "img/misc/daiso_foods_banner.png",
    "img/misc/daiso_snack_banner.png",
    "img/misc/daiso_sundry_banner.png",
    "img/misc/firepan.png",
    "img/misc/institute.png",
    "img/misc/medicine.png",
    "img/misc/mobilecandymachine.png",
    "img/misc/mobilestall.png",
    "img/misc/normal/almond_path_dawn.png",
    "img/misc/normal/almond_path_day.png",
    "img/misc/normal/almond_path_dusk.png",
    "img/misc/normal/almond_path_night.png",
    "img/misc/normal/chinatown_dawn.png",
    "img/misc/normal/chinatown_day.png",
    "img/misc/normal/chinatown_dust.png",
    "img/misc/normal/chinatown_night.png",
    "img/misc/normal/institute_dawn.png",
    "img/misc/normal/institute_day.png",
    "img/misc/normal/institute_dusk.png",
    "img/misc/normal/institute_night.png",
    "img/misc/normal/repairshop_dawn.png",
    "img/misc/normal/repairshop_day.png",
    "img/misc/normal/repairshop_dusk.png",
    "img/misc/normal/repairshop_midnight.png",
    "img/misc/normal/shingwong_dawn.png",
    "img/misc/normal/shingwong_day.png",
    "img/misc/normal/shingwong_dusk.png",
    "img/misc/normal/shingwong_night.png",
    "img/misc/normal/snackshop_dawn.png",
    "img/misc/normal/snackshop_day.png",
    "img/misc/normal/snackshop_dusk.png",
    "img/misc/normal/snackshop_night.png",
    "img/misc/qian.png",
    "img/misc/repair.png",
    "img/misc/shingwong.png",
    "img/misc/snackshop.png",
    "img/misc/takeblood.png",
    "img/misc/toolbox.png",
    "img/misc/warehouse.png",
    "img/misc/winter/almond_path_dawn.png",
    "img/misc/winter/almond_path_day.png",
    "img/misc/winter/almond_path_dusk.png",
    "img/misc/winter/almond_path_night.png",
    "img/misc/winter/institute_dawn.png",
    "img/misc/winter/institute_day.png",
    "img/misc/winter/institute_dusk.png",
    "img/misc/winter/institute_night.png",
    "img/misc/winter/repairshop_dawn.png",
    "img/misc/winter/repairshop_day.png",
    "img/misc/winter/repairshop_dusk.png",
    "img/misc/winter/repairshop_midnight.png",
    "img/misc/winter/shingwong_dawn.png",
    "img/misc/winter/shingwong_day.png",
    "img/misc/winter/shingwong_dusk.png",
    "img/misc/winter/shingwong_night.png",
    "img/misc/winter/snackshop_dawn.png",
    "img/misc/winter/snackshop_day.png",
    "img/misc/winter/snackshop_dusk.png",
    "img/misc/winter/snackshop_night.png",
    "img/misc/xianglu.png",
    "img/misc/熔炉.png"
  ],
  "additionFile": [
    "img/imagepath.json"
  ],
  "addonPlugin": [
    {
      "modName": "ModLoader DoL ImageLoaderHook",
      "addonName": "ImageLoaderAddon",
      "modVersion": "^2.3.0",
      "params": []
    }
  ],
  "dependenceInfo": [
    {
      "modName": "ModLoader",
      "version": ">=1.1.0"
    },
    {
      "modName": "ModLoader DoL ImageLoaderHook",
      "version": "^2.3.0"
    }
  ]
}