{
  "name": "Simple Frameworks",
  "version": "1.6.2",
  "scriptFileList_inject_early": [
    "lib/util.js",
    "lib/selectcase.js",
    "scripts/simplewidget.js"
  ],
  "scriptFileList_earlyload": [
    "scripts/preload.js"
  ],
  "scriptFileList_preload": [],
  "styleFileList": [],
  "scriptFileList": [
    "scripts/CNCodeResolver.js",
    "scripts/onSetup.js"
  ],
  "tweeFileList": [],
  "imgFileList": [],
  "additionFile": [
    "readme.txt"
  ],
  "addonPlugin": [
    {
      "modName": "TweeReplacer",
      "addonName": "TweeReplacerAddon",
      "modVersion": "1.0.0",
      "params": []
    }
  ],
  "dependenceInfo": [
    {
      "modName": "TweeReplacer",
      "version": "^1.0.0"
    },
    {
      "modName": "ReplacePatcher",
      "version": "^1.0.0"
    }
  ]
}