{
  "name": "Simple Cheats",
  "version": "1.0.0",
  "scriptFileList_inject_early": [
    "cheatRegst.js"
  ],
  "scriptFileList_earlyload": [],
  "scriptFileList_preload": [],
  "styleFileList": [],
  "scriptFileList": [
    "sfcheat.js"
  ],
  "tweeFileList": [
    "SFcheat.twee"
  ],
  "imgFileList": [],
  "additionFile": [],
  "addonPlugin": [
    {
      "modName": "TweeReplacer",
      "addonName": "TweeReplacerAddon",
      "modVersion": "1.0.0",
      "params": [
        {
          "passage": "StoryCaption",
          "findString": "<<if $dancing is 0 and $combat is 0 and $passage isnot \"Start2\" and $cheatdisable is \"f\" or $debug is 1>>",
          "replace": "<<if $dancing is 0 and $combat is 0 and $passage isnot \"Start2\" or $debug is 1>>"
        },
        {
          "passage": "Furniture Shop Papers",
          "findString": "<<set _normalisedName to Util.escape(_customHanging).replace(/[/g, \"&#91;\").replace(/]/g, \"&#93;\")>>",
          "replace": "<<set _normalisedName to _customHanging>>"
        },
        {
          "passage": "Widgets Sleep",
          "findString": "<<if $ruffledisable is \"f\">>",
          "replace": "<<if $ruffledisable is \"f\" and $SFCheats.keepHairs is false >>"
        },
        {
          "passage": "Widgets Sleep",
          "findString": "<<if $ruffledisable is \"f\">>",
          "replace": "<<if $ruffledisable is \"f\" and $SFCheats.keepHairs is false >>"
        },
        {
          "passage": "Widgets State Man",
          "findString": "<<widget \"stateman\">>",
          "replace": "<<widget \"stateman\">><<SFShowAP>><br>"
        }
      ]
    }
  ],
  "dependenceInfo": [
    {
      "modName": "TweeReplacer",
      "version": "^1.0.0"
    },
    {
      "modName": "ReplacePatcher",
      "version": "^1.0.0"
    },
    {
      "modName": "Simple Frameworks",
      "version": ">=1.0.0"
    }
  ]
}